{
  "project_info": {
    "project_number": "947115610812",
    "firebase_url": "https://nchs-care-assistant.firebaseio.com",
    "project_id": "nchs-care-assistant",
    "storage_bucket": "nchs-care-assistant.appspot.com"
  },
  "client": [
    {
      "client_info": {
        "mobilesdk_app_id": "1:947115610812:android:df46de806dd6c65a",
        "android_client_info": {
          "package_name": "com.softedge.care_assist"
        }
      },
      "oauth_client": [
        {
          "client_id": "947115610812-34au8pl5kpvrds934vj053qio5m9vpck.apps.googleusercontent.com",
          "client_type": 1,
          "android_info": {
            "package_name": "com.softedge.care_assist",
            "certificate_hash": "eaa5688a904a7c363ec2bf03ca0d541cc1e3eb63"
          }
        },
        {
          "client_id": "947115610812-hpb72p83croshkeklrvepl3vvphm1afh.apps.googleusercontent.com",
          "client_type": 3
        }
      ],
      "api_key": [
        {
          "current_key": "AIzaSyAJ3ItUrILmbvTbQnlDrvrRLh1XMfC9Fd0"
        }
      ],
      "services": {
        "appinvite_service": {
          "other_platform_oauth_client": [
            {
              "client_id": "947115610812-hpb72p83croshkeklrvepl3vvphm1afh.apps.googleusercontent.com",
              "client_type": 3
            }
          ]
        }
      }
    }
  ],
  "configuration_version": "1"
}